{"acc": 0.9015562253834399, "loss": 0.1552094816572616, "_timestamp": 1692887523.624103, "_runtime": 0.6315791606903076, "_step": 7, "_wandb": {"runtime": 0}}