{"acc": 0.7828372875174507, "loss": 0.16592755529852724, "_timestamp": 1692886301.9916635, "_runtime": 1.1223235130310059, "_step": 7, "_wandb": {"runtime": 0}}