{"acc": 0.9047340746006003, "loss": 0.07250726525245531, "_timestamp": 1692886907.6286051, "_runtime": 0.5775930881500244, "_step": 7, "_wandb": {"runtime": 0}}